	CAD	biochemistry_Cholesterol	biochemistry_Glucose	biochemistry_HDLcholesterol	biochemistry_HbA1c	biochemistry_LDLdirect	biochemistry_Triglycerides	biochemistry_VitaminD	blood_EOSINOPHIL_COUNT	blood_HIGH_LIGHT_SCATTER_RETICULOCYTE_COUNT	blood_MEAN_CORPUSCULAR_HEMOGLOBIN	blood_MEAN_PLATELET_VOL	blood_MONOCYTE_COUNT	blood_PLATELET_COUNT	blood_RBC_DISTRIB_WIDTH	blood_RED_COUNT	blood_WHITE_COUNT	bmd_HEEL_TSCOREz	body_BALDING1	body_BMIz	body_HEIGHTz	body_WHRadjBMIz	bp_DIASTOLICadjMEDz	bp_SYSTOLICadjMEDz	cov_EDU_COLLEGE	cov_SMOKING_STATUS	disease_AID_ALL	disease_ALLERGY_ECZEMA_DIAGNOSED	disease_ASTHMA_DIAGNOSED	disease_CARDIOVASCULAR	disease_DERMATOLOGY	disease_DIABETES_ANY_DIAGNOSED	disease_ENDOCRINE_DIABETES	disease_HI_CHOL_SELF_REP	disease_HYPERTENSION_DIAGNOSED	disease_HYPOTHYROIDISM_SELF_REP	disease_PSORIASIS	disease_RESPIRATORY_ENT	disease_T2D	disease_THYROID_ANY_SELF_REP	lung_FEV1FVCzSMOKE	lung_FVCzSMOKE	mental_NEUROTICISM	other_MORNINGPERSON	pigment_HAIR	pigment_TANNING	repro_ChildLess	repro_MENARCHE_AGE	repro_NumberChildrenEverBorn_Pooled
Ancient_Sequence_Age_Human_Enhancer	17.423223	13.984198	18.46753	11.898489	11.354204	13.417786	12.590422	11.170629	11.152325	11.153678	11.2474	9.725176	11.0819435	10.672816	11.724496	10.555703	10.638712	10.371213	12.642693	6.3140726	9.222894	10.601175	9.902634	9.6061125	6.9121866	7.2193804	15.745256	13.871677	15.351925	10.442014	24.99263	15.108141	13.677627	17.285042	10.823211	14.153671	21.642931	14.3873625	13.169241	14.436914	9.349567	9.335932	6.2898564	7.9163933	12.586499	13.498352	9.117999	8.420207	8.299462
Ancient_Sequence_Age_Human_Enhancer.flanking.500	4.7402477	5.361049	5.2233315	4.4663715	5.197504	5.691418	4.4914384	3.5592985	5.1164064	4.6247554	5.457208	5.1707883	5.547858	5.103956	5.5010886	4.8513465	5.251844	3.8678572	4.310214	2.3367357	4.03253	4.187858	3.83294	3.616743	2.1822264	2.1425254	5.0829816	4.405501	4.33106	3.8790133	6.463462	4.2288084	4.0301633	5.4845877	3.827722	5.3878083	6.2004147	4.6947904	3.9270768	5.5039706	3.7209084	3.1731713	2.1040034	2.2393749	4.5568323	4.0525284	2.0815725	2.5727901	2.1086814
Ancient_Sequence_Age_Human_Promoter	17.641699	21.33715	21.014286	15.271521	13.7599945	18.331408	15.944422	10.286512	16.150944	16.298563	18.95562	19.788542	17.47133	17.911299	23.511389	15.288337	14.279837	13.123737	12.804118	5.313042	14.395953	11.4630785	11.323367	10.578258	5.636737	5.527309	18.013666	16.924625	17.432516	10.002362	27.87573	15.64433	12.121533	18.602438	11.145121	17.099998	22.401926	13.42861	11.924251	18.558594	10.316331	9.715264	4.484214	6.3297915	17.697388	13.381921	6.611714	7.242401	6.0960355
Ancient_Sequence_Age_Human_Promoter.flanking.500	14.230044	14.026597	15.892752	10.82702	10.832496	13.4427805	11.239857	8.860706	11.280575	10.987347	12.620119	11.9539	12.216319	11.874052	14.23619	10.784828	10.941516	8.992508	10.47803	4.7433205	9.085172	9.110313	8.469794	8.016072	5.1100736	5.3727574	13.680297	11.922828	12.592122	8.605964	22.144484	12.138875	10.692513	15.112203	8.971328	13.148179	18.875738	11.889799	10.408663	13.578576	7.8811493	7.4368186	4.700668	5.6563845	11.696357	10.834757	6.622727	6.2250943	6.039234
BivFlnk	12.652632	10.126835	12.960172	8.979978	8.225778	9.462763	9.463796	8.718221	8.252614	8.501532	8.444596	7.8235865	8.139918	8.172972	9.019243	8.00742	7.7839637	8.126424	9.466953	5.265581	7.41851	8.027649	7.6812925	7.547682	5.8446484	6.142284	11.2786875	10.363374	11.3974905	8.009002	16.170673	11.2872	10.488377	12.097481	8.35453	10.027655	14.457326	10.633332	10.122985	10.208382	7.30059	7.505579	5.368486	6.747298	9.506756	10.232811	8.133855	7.027235	7.2433243
BivFlnk.flanking.500	4.3878345	4.8612227	4.744449	4.2107067	4.0347595	4.5744376	4.286673	3.4302137	4.3442507	4.3510137	4.672036	4.7813845	4.5236864	4.556086	5.136726	4.2308335	4.1180263	3.9838436	3.8482406	2.4666207	4.1622167	3.6893349	3.6976047	3.5863008	2.5146263	2.4145792	4.4758515	4.3821564	4.4209476	3.39975	5.306583	4.196106	3.7213168	4.5253167	3.6087708	4.4062996	4.8646264	3.8801124	3.6833422	4.5746937	3.5395792	3.4401255	2.1188726	2.7560894	4.48622	3.9180589	2.8106458	2.9471295	2.637012
CTCF_Hoffman	0.69392985	0.89199793	0.75440484	0.82608604	0.8327465	0.86570466	0.819321	0.6074447	0.9031417	0.8895311	0.93718624	0.9950763	0.925363	0.93562096	0.9613905	0.8971656	0.87009585	0.835195	0.7008559	0.5235683	0.94477946	0.7580282	0.78601396	0.7538617	0.46008396	0.38963398	0.7725528	0.7873203	0.74174577	0.65719175	0.7676895	0.6931784	0.6130457	0.74457234	0.69720715	0.80947775	0.738178	0.65731525	0.6123552	0.838928	0.7741007	0.68814325	0.36766717	0.46201977	0.86125433	0.6667841	0.36622283	0.53283364	0.38253385
CTCF_Hoffman.flanking.500	1.1672364	1.610748	1.2973166	1.4085555	1.4175538	1.5371594	1.3952855	0.99301577	1.5884339	1.5543597	1.7270976	1.8949767	1.6830716	1.7074634	1.872561	1.5610288	1.5136877	1.3881115	1.1550992	0.83751273	1.628623	1.2446285	1.2849377	1.2282093	0.7575734	0.657392	1.314962	1.3402612	1.257227	1.0708591	1.3441532	1.1616312	1.0043886	1.2654711	1.143407	1.3956838	1.266365	1.0847343	1.0062803	1.4636657	1.251666	1.1188265	0.61499745	0.7639524	1.4973205	1.1058562	0.6383303	0.8694956	0.65349555
Coding_UCSC	9.336786	11.192071	10.946041	8.53604	7.803633	9.920633	8.865008	5.9947824	8.930722	8.99539	10.0008335	10.204291	9.41701	9.612779	11.899934	8.494086	8.013113	7.5900774	7.311978	3.5190816	8.198951	6.803183	6.7536855	6.3516483	3.6476068	3.442538	9.6479435	9.362935	9.54962	5.933986	13.407821	8.615018	6.7652235	9.788675	6.550849	9.301371	11.162955	7.383369	6.7113795	9.931959	6.229544	5.9105024	2.864667	3.9974635	9.685528	7.5178137	3.923059	4.5456634	3.73353
Coding_UCSC.flanking.500	1.9814055	2.450852	2.1871207	2.1039746	2.072265	2.326644	2.1092143	1.5887158	2.284034	2.2522695	2.4916394	2.625694	2.4050071	2.4392138	2.7222626	2.2430625	2.1654124	1.9983264	1.8189251	1.2783787	2.2395122	1.8510101	1.8665835	1.792611	1.2069601	1.1050534	2.1229088	2.073779	2.0061903	1.6545206	2.45912	1.8924137	1.6716553	2.116967	1.7551827	2.1753306	2.252135	1.8007256	1.6627643	2.269044	1.8110784	1.6575395	1.0479044	1.2188373	2.2310653	1.780537	1.1103829	1.354178	1.1198359
Conserved_LindbladToh	15.290379	10.231193	14.872769	10.013744	7.622823	8.750345	10.723797	11.499224	7.784049	8.8372755	7.4976773	6.7883544	7.0149665	7.55772	8.160623	7.7157855	6.9460435	9.694138	11.053746	7.89145	7.9878197	8.871719	8.977666	9.215816	9.8591795	10.910496	12.386609	12.537988	14.619619	9.468674	16.659777	14.59607	13.176228	12.720098	10.218929	9.962929	14.586965	11.857471	12.952584	10.050312	8.522966	10.293562	8.637387	11.851111	10.690386	13.093536	16.12463	11.028271	13.543605
Conserved_LindbladToh.flanking.500	1.4519753	1.6412501	1.4784997	1.6273994	1.5807382	1.610436	1.6209438	1.5345263	1.6422986	1.6632806	1.6591303	1.6972064	1.6387227	1.6636815	1.6925613	1.6374191	1.5895875	1.6702933	1.5550231	1.5923367	1.722448	1.5952063	1.6354693	1.633807	1.5835193	1.5321568	1.549021	1.5768423	1.5057203	1.550006	1.4103658	1.4840549	1.4887323	1.5146453	1.5776098	1.5839682	1.4599605	1.5016397	1.4978808	1.6019963	1.6249988	1.6251072	1.5204439	1.5645082	1.6428313	1.5172061	1.4042538	1.5767256	1.4891453
Conserved_Mammal_phastCons46way	17.024885	11.2400055	16.597075	10.885552	8.335856	9.650469	11.680676	12.579855	8.460315	9.562702	8.191265	7.339037	7.668032	8.212677	8.940311	8.369039	7.5899963	10.398189	12.112071	8.434046	8.487114	9.622409	9.656174	9.908724	10.624573	11.8732	13.699735	13.726703	16.10324	10.326584	19.025003	16.117044	14.528992	14.18268	11.117783	10.995603	16.501837	13.129871	14.273307	11.085086	9.153839	11.071564	9.362702	12.829706	11.62463	14.400021	17.775072	11.911974	14.828395
Conserved_Mammal_phastCons46way.flanking.500	1.5103283	1.7251087	1.5403483	1.7000204	1.6435989	1.6838951	1.6945311	1.5789152	1.722535	1.7447283	1.7502025	1.805668	1.7244592	1.7543919	1.7976973	1.7152944	1.6589025	1.7449927	1.608903	1.6109992	1.8118018	1.6508776	1.697112	1.6922737	1.6063731	1.549527	1.6126566	1.6505699	1.5773549	1.5927895	1.4500191	1.5475155	1.5374429	1.5700654	1.6301777	1.6479355	1.504959	1.5475445	1.5464866	1.672017	1.6820362	1.6808159	1.5195662	1.5994858	1.7246433	1.5742279	1.4453892	1.6167778	1.5203758
Conserved_Primate_phastCons46way	19.737986	12.591941	19.089657	12.384747	9.451726	10.844219	13.314754	14.635492	9.469504	10.767416	9.031084	7.9683275	8.486072	9.088061	9.74159	9.370451	8.519817	11.829749	14.026543	9.681802	9.494431	11.049388	11.043813	11.366382	12.296518	13.852682	15.73612	15.728014	18.574566	11.957174	21.672417	18.665737	16.984009	16.341719	12.823675	12.531988	18.980217	15.291165	16.65448	12.567711	10.458413	12.749558	10.887429	14.913826	13.160318	16.74032	20.873293	13.815092	17.339443
Conserved_Primate_phastCons46way.flanking.500	2.3660603	2.4381912	2.3661942	2.4649136	2.2541368	2.3225176	2.4897747	2.4648485	2.3257701	2.4362056	2.3029256	2.2899098	2.2502937	2.3228817	2.3646948	2.3258286	2.2085593	2.5520847	2.436439	2.4608295	2.4926703	2.396514	2.471321	2.4986124	2.5647426	2.5419965	2.4214513	2.4933226	2.4463527	2.3901227	2.2494922	2.4235623	2.425277	2.370275	2.4556108	2.366589	2.3070493	2.3761427	2.4391546	2.3880737	2.4391682	2.569098	2.4226222	2.619241	2.504814	2.4513483	2.4747372	2.5787404	2.5608943
Conserved_Vertebrate_phastCons46way	12.352279	8.429953	12.099309	8.106768	6.2847166	7.264549	8.668399	9.172921	6.4288497	7.207012	6.292141	5.7321424	5.894255	6.3002486	6.8866315	6.3620267	5.786505	7.7499638	8.885698	6.228181	6.4557624	7.151485	7.188119	7.351401	7.7578754	8.599891	10.05943	10.102399	11.74849	7.6033893	13.803292	11.723579	10.536315	10.37399	8.189666	8.170763	11.996994	9.574284	10.3629	8.256309	6.823868	8.152384	6.829941	9.304268	8.666376	10.483132	12.712836	8.685169	10.672932
Conserved_Vertebrate_phastCons46way.flanking.500	1.3341755	1.523579	1.3569202	1.5083367	1.480424	1.5033373	1.4994478	1.4109682	1.540256	1.5498292	1.5625321	1.6107863	1.546968	1.5654541	1.5925305	1.5347612	1.4964395	1.5457797	1.4345638	1.4569852	1.6077737	1.4792472	1.514454	1.5097837	1.4439921	1.3962533	1.427217	1.4546864	1.387396	1.4317079	1.276757	1.3664229	1.3700302	1.3934566	1.4557405	1.4685634	1.332701	1.3833033	1.3780204	1.4860845	1.505793	1.4953245	1.3833506	1.4286994	1.5214541	1.3973083	1.2922301	1.4446012	1.361102
DGF_ENCODE	4.083367	4.1655927	4.3234115	3.7985568	3.677847	4.0012746	3.8722308	3.169048	3.82387	3.8369942	3.9002573	3.8261871	3.839928	3.8403804	4.038871	3.7261984	3.6563177	3.621874	3.5772457	2.246408	3.6788633	3.4400306	3.4162488	3.3124216	2.2325983	2.1058908	4.0910983	3.974886	4.06052	3.1758726	4.731605	3.8867152	3.4973433	4.1398535	3.3454971	3.976795	4.4438133	3.6423802	3.4239519	4.0756264	3.2938194	3.1445453	1.8878398	2.4111648	3.977141	3.6304398	2.3730507	2.6512685	2.2610004
DGF_ENCODE.flanking.500	0.9228143	0.9867212	0.9023994	1.0219941	1.0446196	1.011223	1.0084772	0.97878194	1.0571197	1.0449562	1.0643238	1.104722	1.0724926	1.0717267	1.0503502	1.0655272	1.0694032	1.0525202	0.98717767	0.97520804	1.0906782	1.0319349	1.0499841	1.0483925	0.9458148	0.8907278	0.95072377	0.9800537	0.95127565	0.99871206	0.8161477	0.95525694	0.9597895	0.92571014	1.0120641	0.9857627	0.8657953	0.952571	0.96392304	0.9831748	1.0559183	1.0358157	0.8622643	0.96713156	1.0083549	0.97114944	0.93774587	0.9914283	0.9271614
DHS_Trynka	3.8055117	3.4719543	3.8814943	3.3467371	3.0809705	3.2786937	3.4350336	3.079759	3.151834	3.2665308	3.1135826	2.99273	3.0535927	3.1045494	3.1629374	3.1098654	2.9971094	3.2914138	3.2903478	2.3216534	3.1686385	3.084211	3.1123896	3.0773787	2.3964486	2.3134735	3.6326802	3.5972338	3.7657068	2.9551432	4.171384	3.6693542	3.3721244	3.663526	3.1194115	3.391516	3.929202	3.3548014	3.3081882	3.4442499	3.0195892	3.0520804	2.0501394	2.6441116	3.4726179	3.4418185	2.7741492	2.763119	2.5769725
DHS_Trynka.flanking.500	0.8518794	1.0405214	0.84627974	1.0476137	1.1209809	1.0909724	1.0196004	0.9989791	1.1447637	1.1022059	1.1829795	1.2554779	1.1956977	1.18123	1.1905047	1.1457375	1.1673248	1.0670724	0.9975483	1.0818726	1.1515598	1.0751437	1.0833042	1.0792016	1.0516956	1.0172329	0.9353688	0.9587192	0.8907816	1.0461091	0.73134345	0.89822865	0.9387122	0.9080469	1.0372063	1.0248101	0.8123028	0.95269644	0.95275944	1.0246937	1.0947325	1.057513	1.0160296	1.0344155	1.0269314	0.94856465	0.976686	1.0435694	1.0052258
DHS_peaks_Trynka	4.595081	4.1723886	4.7310843	3.9581964	3.6010122	3.8931632	4.0802627	3.5631998	3.7121215	3.8630111	3.6772642	3.5278702	3.5892828	3.6606114	3.771459	3.648089	3.4932647	3.8631766	3.8626912	2.5607367	3.7215133	3.5859747	3.6169338	3.5627677	2.6500928	2.5474553	4.364949	4.307759	4.543868	3.4062328	5.175837	4.393386	3.9653447	4.4090724	3.6249607	4.034214	4.7986083	3.9563925	3.8753245	4.115979	3.489631	3.5166602	2.2269866	2.9517674	4.146397	4.0676556	3.1041791	3.1220527	2.8613372
Enhancer_Andersson	14.462522	12.473348	15.896441	9.81944	10.325162	12.453191	10.291615	8.979883	9.927093	9.470474	10.613745	9.252182	10.600104	9.787743	11.421884	9.310935	9.9989605	7.9999332	10.438032	4.788308	7.3091745	8.704045	7.8115625	7.4807787	5.190544	5.658128	13.440296	11.166584	12.228498	8.651804	23.455402	12.051817	11.076979	15.422659	8.676498	12.67752	20.058723	12.358592	10.696308	12.9207945	7.3378677	7.0292916	5.0876007	5.813863	10.344843	10.8743305	6.92266	6.254369	6.2900953
Enhancer_Andersson.flanking.500	4.5980806	4.7440467	4.9090967	4.0328674	4.4514337	4.9064713	4.083995	3.413134	4.427475	4.124297	4.7361617	4.564231	4.782456	4.479528	4.8921714	4.226559	4.5137615	3.5447628	3.9629507	2.2004402	3.6258085	3.7171957	3.4629118	3.3092177	2.189856	2.2178988	4.642439	4.1141243	4.1805286	3.515445	5.956128	4.1188006	3.9184837	5.0055056	3.5252426	4.736597	5.701002	4.337925	3.8133185	4.819372	3.3350134	3.0204463	2.0793333	2.35227	4.141112	3.901798	2.481526	2.5790837	2.3596482
Enhancer_Hoffman	6.9844975	6.7015357	7.426351	5.813455	5.927828	6.6130376	5.971807	5.0003395	5.9881682	5.815596	6.2141523	5.9113755	6.1890125	5.956953	6.436903	5.7245917	5.8546343	5.2459574	5.7366977	3.1364133	5.1938634	5.2599697	5.0125656	4.8286867	3.2027962	3.2130325	6.8110895	6.2068443	6.4969697	4.9627695	8.935714	6.3135643	5.818775	7.214117	5.1106014	6.58925	8.261762	6.2046604	5.635807	6.747267	4.796707	4.5204563	2.88319	3.5539248	6.0701866	5.856496	3.8404765	3.872077	3.5413632
Enhancer_Hoffman.flanking.500	2.7337527	3.809795	3.1015494	3.0819182	3.2143424	3.6619384	3.0710378	2.0890896	3.60511	3.425976	4.124652	4.4824643	3.9997084	3.9629414	4.5969486	3.495085	3.484315	2.838712	2.524223	1.4787086	3.3378417	2.6113937	2.6042984	2.454326	1.3782289	1.254711	3.0526588	2.9671962	2.8091795	2.2455661	3.479681	2.6005168	2.2156317	3.0360708	2.3869288	3.2641935	3.1964738	2.4781408	2.2130728	3.4451196	2.4941907	2.1809468	1.1390588	1.4371572	3.3194494	2.4205732	1.309713	1.646766	1.2932695
FetalDHS_Trynka	5.789232	5.011923	5.9120417	4.752809	4.2791085	4.6689706	4.9255443	4.4835052	4.35754	4.5618424	4.3148384	4.0640774	4.2056565	4.277108	4.451572	4.280378	4.111771	4.605783	4.773489	3.2048564	4.299193	4.31957	4.331674	4.2937727	3.4129431	3.3647332	5.3820634	5.2655215	5.631392	4.1980085	6.6003094	5.497625	5.0192895	5.503033	4.447032	4.902901	6.086549	4.96436	4.906738	4.982509	4.1705365	4.3147235	2.9264863	3.844924	4.969693	5.0897727	4.2077184	3.9703174	3.8353636
FetalDHS_Trynka.flanking.500	1.3923961	1.6503264	1.4062529	1.624149	1.6631761	1.6687497	1.6010956	1.4513749	1.7363939	1.7013606	1.7924992	1.8931746	1.7917721	1.7876803	1.8238274	1.7236751	1.7196363	1.6504213	1.507701	1.406118	1.7707678	1.5854443	1.614612	1.5972898	1.3750619	1.3069619	1.4990915	1.5381349	1.4615307	1.49824	1.2652823	1.4401271	1.4225616	1.4515492	1.5292305	1.5848575	1.3493223	1.4418417	1.4301316	1.6053843	1.6066291	1.5515264	1.2486931	1.4036164	1.631772	1.4643546	1.3316164	1.4456451	1.3352247
GERP.RSsup4	24.607153	14.911077	23.881933	14.507833	10.811614	12.67217	15.690203	17.48081	10.814784	12.396075	10.259638	8.898745	9.577974	10.324102	11.248922	10.65389	9.632038	13.622243	16.674255	11.151617	10.658889	12.783788	12.69485	13.0866165	14.493116	16.533632	19.091076	18.972048	22.951424	13.983635	27.660769	23.086655	20.680834	19.955	15.09271	14.834727	23.698944	18.423813	20.183834	14.881176	11.991269	14.8596325	12.832564	17.81241	15.504462	20.354546	25.93927	16.352324	21.152308
H3K27ac_Hnisz	2.0978992	2.271208	2.1937284	2.1225917	2.1551683	2.2533927	2.1310089	1.7870499	2.2265851	2.1858554	2.2876089	2.3117816	2.2783296	2.257997	2.330336	2.1872652	2.1875408	2.0576262	1.9814768	1.4217198	2.1561756	1.9906075	1.9799293	1.9259465	1.3650099	1.2778752	2.1640105	2.1217625	2.1065295	1.8429239	2.2966616	2.037439	1.8973138	2.1666706	1.9057295	2.1892316	2.2331862	1.983276	1.872034	2.2311227	1.9396048	1.8149316	1.201804	1.4296165	2.1795444	1.9590787	1.364939	1.5582758	1.3340225
H3K27ac_Hnisz.flanking.500	0.37920514	0.30753118	0.35298496	0.3467107	0.32432932	0.30316973	0.34820813	0.400507	0.30819866	0.32490543	0.29198146	0.27914372	0.28847814	0.30145222	0.27828813	0.32612222	0.316732	0.3652629	0.36889407	0.44837177	0.33580738	0.36404297	0.37387186	0.38430676	0.43899298	0.42693663	0.34486455	0.3569048	0.36808932	0.38504362	0.36006305	0.38462684	0.39188337	0.34507895	0.386033	0.32484588	0.35123572	0.3712143	0.39637884	0.31586087	0.3861619	0.4061595	0.4269735	0.44521555	0.33623663	0.38163614	0.4639781	0.433525	0.45052558
H3K27ac_PGC2	2.7501528	2.9580746	2.8998415	2.7006361	2.7265258	2.9089959	2.7241468	2.2344038	2.8346882	2.7805579	2.9412699	2.9633434	2.9165885	2.8852935	3.0308084	2.770552	2.767261	2.584191	2.512108	1.6708816	2.7031054	2.4828918	2.4612284	2.3836157	1.6225986	1.5288835	2.8150618	2.7340994	2.7371109	2.285938	3.1227753	2.6364207	2.4185584	2.839721	2.3794625	2.8236969	2.9896557	2.540297	2.3791225	2.891157	2.3944328	2.2380145	1.4057684	1.7302352	2.7991009	2.5020194	1.6910262	1.8934029	1.6250045
H3K27ac_PGC2.flanking.500	0.7160438	0.8965541	0.7339332	0.89097357	0.96601576	0.9453562	0.8672477	0.7481819	0.9977768	0.9535127	1.0250669	1.0843457	1.0405501	1.0292807	1.0114337	0.99772966	1.0135069	0.8918501	0.8047844	0.736398	1.000787	0.89211226	0.89354825	0.8720616	0.672075	0.6067226	0.7979378	0.8141795	0.7580151	0.81753063	0.6402873	0.7419599	0.7255485	0.7651523	0.82883424	0.87879884	0.69080627	0.7616899	0.7289098	0.8825443	0.89737654	0.8126493	0.6108903	0.6510148	0.88181275	0.75515914	0.5702499	0.7115859	0.5941323
H3K4me1_Trynka	2.2152767	2.2845948	2.2528484	2.228514	2.2124164	2.266468	2.2367861	2.0115786	2.2623518	2.2561798	2.2838488	2.297135	2.276246	2.275781	2.2998345	2.2430544	2.2254632	2.2108045	2.1383574	1.7000159	2.2556467	2.1367614	2.1474454	2.116584	1.6792206	1.5880171	2.2413175	2.2384257	2.2354918	2.0269086	2.262727	2.1950865	2.0946755	2.2295742	2.0929675	2.2408283	2.2470357	2.124513	2.075617	2.2633595	2.115823	2.0574796	1.4775333	1.7718096	2.2617097	2.1396008	1.7447463	1.8664699	1.690514
H3K4me1_Trynka.flanking.500	0.2109497	0.16714391	0.19417264	0.19019568	0.20682667	0.17961739	0.1859841	0.30504364	0.17479824	0.17443024	0.16636875	0.1547812	0.17134081	0.16887802	0.16059998	0.18645121	0.20200029	0.19239159	0.24131986	0.45759943	0.16724777	0.24077082	0.23023942	0.24592213	0.46133792	0.5050974	0.19173045	0.18683326	0.19097121	0.29965472	0.21617909	0.21465594	0.2660558	0.20500101	0.26294374	0.19263451	0.20901325	0.2547417	0.27729583	0.17924766	0.24836437	0.2738968	0.560179	0.41658366	0.1717464	0.24131626	0.44265762	0.3712146	0.46545196
H3K4me1_peaks_Trynka	3.393256	3.3120415	3.4587884	3.1977017	3.0845416	3.2223146	3.2458866	2.8629634	3.1542542	3.1872427	3.153966	3.1009142	3.1190875	3.138326	3.1707	3.1129854	3.0512466	3.1383994	3.0973809	2.2065809	3.1304865	2.9971223	3.0013738	2.947284	2.212791	2.1060665	3.3523722	3.3105307	3.372061	2.8358881	3.5846097	3.2973335	3.0877964	3.3671808	2.9590254	3.2527118	3.5060666	3.1333485	3.0356522	3.2936652	2.9273427	2.8626397	1.915095	2.3934581	3.2835486	3.1476252	2.4050274	2.5443363	2.289268
H3K4me3_Trynka	4.630194	4.8305507	4.94178	4.2539625	4.1520066	4.6299253	4.341436	3.5039287	4.369101	4.342197	4.589857	4.569691	4.496403	4.4751754	4.8749804	4.240212	4.1816406	3.986459	3.977335	2.3897445	4.104548	3.783161	3.7355134	3.6075199	2.4171047	2.3224123	4.636746	4.4582553	4.552937	3.4882085	5.5579762	4.358203	3.9048648	4.7355924	3.679846	4.5313706	5.1662145	4.0947104	3.8265786	4.6661777	3.57938	3.417529	2.0585675	2.6475294	4.49186	4.0467763	2.713771	2.884668	2.5450814
H3K4me3_Trynka.flanking.500	1.2183193	1.3665111	1.1874462	1.4290375	1.4956914	1.4204767	1.4034923	1.2866858	1.5171722	1.479376	1.5186833	1.5871469	1.5404826	1.5258061	1.4584213	1.5184722	1.5348346	1.4714347	1.3424503	1.2060589	1.5547769	1.4285388	1.4483776	1.434763	1.1463413	1.0681782	1.2974232	1.3404834	1.281751	1.3465598	0.9790236	1.2750614	1.2739173	1.2389075	1.3694853	1.3720304	1.1050937	1.283175	1.2721053	1.3748361	1.4546326	1.3763394	1.0279313	1.1852062	1.4062948	1.300398	1.1205649	1.2473899	1.1067221
H3K4me3_peaks_Trynka	7.2953773	6.893935	7.715415	6.016527	5.765889	6.548728	6.2193832	5.238603	5.945766	5.9663897	6.2046294	5.981186	6.0426254	6.008671	6.618998	5.75141	5.669274	5.5100408	5.893488	3.3338077	5.412847	5.334194	5.176639	5.0183578	3.4956942	3.4894807	6.997447	6.5533805	6.895165	5.0656333	9.175348	6.681758	6.0498524	7.3279963	5.3137145	6.6017513	8.364516	6.312508	5.8865576	6.773862	4.9348927	4.8210087	3.0736766	3.9088252	6.3693542	6.1271873	4.25931	4.2030864	3.9174945
H3K9ac_Trynka	4.98477	5.0738177	5.266925	4.5427823	4.386957	4.8481097	4.6448092	3.8208811	4.5866194	4.590332	4.7681746	4.713226	4.6612477	4.66029	5.0193133	4.4674172	4.37892	4.295671	4.2954884	2.649508	4.3577056	4.070168	4.029335	3.9090188	2.6728806	2.5671341	4.9549317	4.7753882	4.8845215	3.787349	5.9042764	4.7003493	4.2519736	5.055304	3.987441	4.8004427	5.508878	4.4292865	4.1672773	4.933188	3.8754473	3.7252834	2.2931108	2.93022	4.7793317	4.3782897	2.9859214	3.1795928	2.8131852
H3K9ac_Trynka.flanking.500	1.0079674	1.3054104	1.035292	1.288608	1.413765	1.3699522	1.2493542	1.0389876	1.4672729	1.3925818	1.5206746	1.6288218	1.5430304	1.5154952	1.4980026	1.4607964	1.4954184	1.3008146	1.1366878	0.9860518	1.4677361	1.2662872	1.2798076	1.2454056	0.88344496	0.78723955	1.1381284	1.1626618	1.0784421	1.142383	0.8989293	1.0484718	1.0126736	1.0842508	1.1645579	1.263372	0.97579706	1.0668821	1.0134	1.2787379	1.2854556	1.1462921	0.7774157	0.88139886	1.2795315	1.0636953	0.7707909	0.9669654	0.7821425
H3K9ac_peaks_Trynka	7.3008747	6.3340054	7.457194	5.866847	5.4202704	5.9594984	6.0825844	5.494154	5.484608	5.6454167	5.537061	5.258025	5.35783	5.434412	5.7617884	5.3814344	5.2071757	5.53616	5.9485245	3.7161756	5.216972	5.3300457	5.228375	5.145467	3.9132006	3.9144895	6.7924695	6.458804	6.8681955	5.2102647	8.654493	6.7717257	6.296757	7.0714035	5.448455	6.232096	8.001719	6.378034	6.1241455	6.330892	5.0415034	5.074949	3.4948447	4.3922906	6.1299987	6.263418	4.811398	4.6241126	4.4286227
Human_Enhancer_Villar	5.1104217	5.608781	5.653199	4.6069093	5.3126426	5.9237885	4.652284	3.6769307	5.2643495	4.766522	5.639884	5.341349	5.7572455	5.2639275	5.743255	4.960628	5.391117	3.9685743	4.4550395	2.3069968	4.115227	4.25428	3.90842	3.6822262	2.2088888	2.180273	5.3597727	4.63567	4.6454163	3.9239469	7.1933503	4.519694	4.2165875	5.8260345	3.9117637	5.6071568	6.738262	4.8616476	4.1032887	5.738414	3.7596917	3.2593217	2.062106	2.3219073	4.732252	4.2687116	2.2534952	2.641693	2.2149136
Human_Enhancer_Villar.flanking.500	3.303238	4.5667744	3.758802	3.659256	4.255849	4.7611012	3.6241612	2.572279	4.497944	4.044378	5.0435104	5.1935086	5.088836	4.7517605	5.3797407	4.2516007	4.54003	3.213331	3.1835399	1.7661891	3.698932	3.296739	3.1062784	2.9039204	1.6243854	1.529006	3.7881796	3.452465	3.260944	2.8778634	4.1708913	3.068684	2.7917092	3.8825467	2.9186518	4.221503	4.058616	3.2439885	2.7500613	4.3902917	2.9844215	2.5006816	1.4685558	1.6497675	3.8147843	2.9504857	1.4865545	1.9164134	1.5067518
Human_Promoter_Villar	10.113169	12.043327	11.84503	8.893434	8.720311	11.054436	9.161211	6.229867	9.759289	9.512477	11.315503	11.60628	10.742806	10.680912	13.3382635	9.290699	9.113468	7.566335	7.7154946	3.3858998	8.355622	7.0777864	6.8155394	6.359691	3.4728777	3.4279284	10.417693	9.495348	9.650084	6.263981	15.808995	8.878538	7.2822094	11.007997	6.7381725	10.279878	13.210713	8.249102	7.1536756	10.923192	6.3018003	5.733747	2.9331741	3.7805684	9.942596	7.8217764	3.90857	4.346269	3.67984
Human_Promoter_Villar.flanking.500	5.891089	6.0551877	6.178172	4.992484	5.2178583	5.998848	5.0443797	4.296478	5.439982	5.228013	6.225114	6.388853	6.0402303	5.970996	6.958244	5.3515415	5.4901543	4.293018	4.803231	2.6669784	4.632707	4.398499	4.1297607	3.94236	2.8336868	3.034075	5.6631293	5.1212	5.2246284	4.238075	7.5964723	5.2269526	4.9654326	6.1684813	4.308983	5.719301	7.1341863	5.375285	4.872427	5.8000107	3.9300442	3.673967	2.7883825	3.082775	5.2336	4.8687987	3.8654659	3.2689352	3.4748561
Human_Promoter_Villar_ExAC	24.198019	24.071774	28.029402	17.447912	16.425688	21.822529	18.412548	13.550078	17.718754	17.642925	20.361969	19.406906	19.186914	18.980705	24.32811	16.788797	16.56609	14.189141	16.362486	6.5584073	14.224605	13.697026	12.843158	12.09586	7.2996063	7.676368	22.984695	20.171232	21.730995	12.797806	41.755943	20.378529	16.606043	25.362436	13.73969	21.325941	33.11948	18.585642	16.252068	22.46773	11.721417	11.337576	6.351817	8.269486	19.651531	17.428905	9.694393	9.169252	8.723354
Human_Promoter_Villar_ExAC.flanking.500	13.23709	8.666342	12.372693	8.005198	7.765814	8.569376	8.32093	9.706961	7.296833	7.462905	7.8642244	7.5497317	7.6003175	7.6608458	8.626776	7.36249	7.5518193	6.8543677	9.581787	5.8011203	6.1830235	7.6135163	6.91754	6.8956666	6.975131	8.316487	10.531733	9.159194	10.424574	8.506242	16.070871	11.317603	11.94431	12.247105	8.350218	9.383692	15.32122	11.929682	11.521681	9.05947	6.630048	7.1016345	7.6341257	8.013287	8.067687	10.5958395	12.229139	7.7640467	10.366382
Intron_UCSC	1.2115161	1.1452405	1.1781045	1.1961428	1.2014654	1.1645812	1.1923681	1.2213911	1.1787603	1.1810178	1.1561913	1.1434567	1.1596284	1.1625814	1.1124378	1.189142	1.1902927	1.2060705	1.216625	1.2039105	1.1898668	1.2156022	1.2128581	1.2178811	1.1917442	1.1824834	1.1936167	1.1837581	1.1861482	1.2213457	1.1598827	1.2079546	1.2343127	1.1961929	1.2202313	1.1886315	1.1950338	1.2299652	1.2276658	1.1763021	1.2215341	1.2145575	1.1806492	1.2025602	1.1738244	1.2161102	1.2091486	1.2062657	1.1974236
Intron_UCSC.flanking.500	10.074564	13.809109	12.463282	9.876886	8.973597	11.974696	10.219157	6.1306486	10.710977	10.762287	12.564281	13.172919	11.6539	12.003104	15.615969	10.193812	9.530149	8.59799	7.849441	3.3829615	9.772739	7.403644	7.431853	6.868813	3.4437342	3.1444561	10.930752	10.677327	10.583425	6.197701	15.89547	9.267021	6.754275	11.082381	6.9962883	10.811247	12.780866	7.740934	6.82522	11.725061	6.7448554	6.2461023	2.5165489	3.7094908	11.50771	7.92778	3.3208704	4.391684	3.2647405
MAFbin_1	0.81931794	1.0061024	0.87158257	0.9498908	0.95713	0.9919724	0.94382197	0.79723525	1.0130107	0.9993614	1.0403149	1.0832466	1.0390027	1.0383317	1.0772133	1.000978	0.98614025	0.95964724	0.8555455	0.7988369	1.0337029	0.9049528	0.92744213	0.9055888	0.752679	0.69321954	0.89567137	0.92166317	0.8829031	0.83618766	0.83223397	0.8381267	0.7819313	0.86790377	0.86190873	0.93489474	0.82968795	0.80784416	0.7851101	0.959706	0.9195249	0.8695401	0.6981222	0.7362943	0.9777981	0.82663083	0.63737905	0.78331774	0.6710515
MAFbin_10	0.8237224	0.8155876	0.8300562	0.7777946	0.76149684	0.7900094	0.783797	0.7630069	0.77632594	0.7763766	0.8029593	0.81120604	0.78122056	0.7950591	0.83204246	0.7768181	0.76615894	0.7530971	0.77025235	0.7071338	0.76073164	0.7486636	0.74052554	0.7370735	0.72210014	0.74437326	0.80329573	0.79294777	0.8013437	0.752093	0.8898076	0.80344605	0.78177154	0.8107742	0.75636363	0.7889199	0.8506117	0.7881626	0.7832435	0.79493713	0.73531663	0.7339839	0.7293661	0.73722786	0.7938986	0.78157264	0.78543204	0.7287331	0.7636946
MAFbin_2	1.0048198	1.1574734	1.0550818	1.0989321	1.1223893	1.1535598	1.0943714	0.95359975	1.1647751	1.1460158	1.1929504	1.2207859	1.1978405	1.1856383	1.2175035	1.1509802	1.1522304	1.097647	1.0179049	0.9340061	1.1611398	1.0607897	1.0740508	1.0526181	0.87821794	0.8133709	1.0673144	1.0730509	1.0433722	0.9929173	1.055574	1.0046643	0.9508404	1.0509129	1.0144331	1.1041926	1.0397097	0.9830256	0.95116	1.1239532	1.0636427	1.0099206	0.8255288	0.86644274	1.1215912	0.9897542	0.774844	0.9145163	0.80207175
MAFbin_3	0.90442115	1.0364461	0.9035696	1.0799166	1.0569937	1.0239954	1.0657353	1.0380362	1.0946362	1.1105146	1.0810521	1.131957	1.0843412	1.0986996	1.0803572	1.0987717	1.0698779	1.153454	1.019621	1.1945503	1.194237	1.0854535	1.1349124	1.1425462	1.1599379	1.10804	0.9693337	1.0339115	0.9908143	1.0571973	0.76635206	0.9689306	0.97097886	0.9139565	1.0723401	0.9982063	0.81582695	0.94738626	0.980603	1.0107881	1.1457193	1.1494879	1.1174678	1.1372012	1.0793482	1.0001988	1.0286243	1.1378567	1.0696295
MAFbin_4	1.2509946	1.2408212	1.2747108	1.2082056	1.2159758	1.2428049	1.2123474	1.177434	1.2121937	1.2096243	1.2206665	1.2001653	1.2314597	1.2127045	1.2348579	1.2025576	1.22163	1.1864227	1.2036587	1.0948638	1.1742121	1.1845192	1.1791267	1.1746938	1.1005903	1.0923367	1.2448282	1.2272815	1.2458855	1.1706091	1.310419	1.2332206	1.2058346	1.260111	1.182427	1.2393516	1.2874572	1.2134539	1.2000204	1.2424508	1.1683952	1.1681902	1.0641721	1.1250954	1.2146317	1.2160541	1.1500174	1.1382978	1.1258057
MAFbin_5	1.2123473	1.1800814	1.2004011	1.239089	1.2524123	1.2148218	1.2362348	1.2882626	1.215002	1.2208401	1.163989	1.1213053	1.188305	1.1769112	1.113892	1.2179174	1.230785	1.2633278	1.2734902	1.3686893	1.228506	1.29049	1.2909073	1.2982728	1.3515595	1.3225975	1.2268542	1.2306877	1.2225511	1.3003287	1.1607298	1.2291732	1.2621828	1.2271315	1.2875885	1.235365	1.197326	1.2606091	1.2636129	1.2198298	1.2980063	1.3085395	1.3567226	1.3236159	1.2147117	1.256301	1.2466834	1.3293225	1.2912866
MAFbin_6	1.3711938	1.3683363	1.3733333	1.4135854	1.4029242	1.3852937	1.4183372	1.4173971	1.3840253	1.4030002	1.330271	1.2905614	1.353093	1.3461304	1.2927575	1.3810705	1.3761284	1.444238	1.4253801	1.4643404	1.4175601	1.4453017	1.454901	1.4574455	1.4462979	1.3925862	1.399798	1.4193912	1.4098479	1.4315594	1.2947111	1.3936156	1.4014682	1.3865112	1.4349118	1.4010237	1.3362602	1.3995779	1.3994014	1.3951886	1.4513007	1.4616927	1.4184736	1.4221475	1.4067441	1.4093211	1.3166906	1.4513546	1.3682556
MAFbin_7	1.6256915	1.2174871	1.5193444	1.3640813	1.3968499	1.2972046	1.370546	1.7069805	1.2454525	1.2595036	1.1387142	1.0163363	1.1880857	1.151001	1.023726	1.2580454	1.3226451	1.3578968	1.5921664	1.7295612	1.1880116	1.4989915	1.4476678	1.4870666	1.8049786	1.931731	1.4808912	1.4168813	1.5029132	1.6420916	1.557819	1.5913574	1.742152	1.5570686	1.5694913	1.4165874	1.6111288	1.6930419	1.7260405	1.3552963	1.4676054	1.5544356	1.9541458	1.8187909	1.285443	1.6400595	2.005768	1.7365054	1.9446226
MAFbin_8	1.1351923	1.0603962	1.0975453	1.0975112	1.0815318	1.0574057	1.097402	1.1863945	1.0623677	1.0750343	1.0574399	1.059393	1.0485581	1.062985	1.0511067	1.078368	1.0719734	1.1032112	1.1399384	1.2042054	1.0734947	1.1179156	1.1156545	1.1267673	1.2378783	1.2803949	1.0991192	1.1048155	1.1153823	1.1602385	1.0840127	1.1430633	1.1770612	1.1056513	1.1477716	1.0814685	1.1007525	1.1550937	1.180621	1.0692496	1.1232818	1.1550174	1.2712941	1.2461905	1.0846851	1.1533598	1.3061738	1.2149913	1.2861191
MAFbin_9	0.671975	0.71078825	0.6816329	0.67636806	0.6831415	0.70130926	0.6749151	0.6368194	0.7049432	0.69084936	0.73890036	0.7665062	0.7241926	0.7287766	0.7586108	0.7027976	0.69955176	0.65823483	0.65043515	0.6085808	0.68915594	0.65319806	0.64805025	0.64249635	0.6090708	0.6159247	0.6758862	0.6687459	0.66416377	0.64252365	0.7094374	0.6622018	0.6464257	0.6730871	0.64719915	0.68305814	0.68938947	0.6552979	0.6463388	0.69126725	0.6474931	0.6295671	0.60666007	0.6129668	0.6858915	0.6501607	0.6318101	0.61524284	0.62307525
PromoterFlanking_Hoffman	3.4144015	4.380937	3.7812424	3.579933	3.5566254	4.1113796	3.59928	2.5455213	3.9918902	3.8884423	4.5943513	4.936167	4.368353	4.4372754	5.1685166	3.9285867	3.8296998	3.273741	2.9997976	1.7439281	3.7410624	2.9876468	2.980529	2.8249407	1.6944119	1.5895666	3.6384091	3.5439284	3.4244723	2.6371186	4.264112	3.2193077	2.7544305	3.6469054	2.8257911	3.7590659	3.9121127	3.012253	2.7465038	3.945198	2.8461084	2.570998	1.4277556	1.7976984	3.8723927	2.9505346	1.7750134	2.0152354	1.7082014
PromoterFlanking_Hoffman.flanking.500	4.0290504	4.8006077	4.518876	3.8489528	3.980478	4.6552796	3.8945343	2.8548632	4.3217144	4.1272154	4.8665743	5.061535	4.7399926	4.651896	5.4107804	4.1613374	4.180481	3.422995	3.407475	1.8405027	3.821155	3.2976263	3.192553	3.0157845	1.8181795	1.755957	4.2104483	3.91192	3.892097	2.949426	5.4948664	3.6716006	3.2092826	4.3829813	3.0986698	4.307366	4.9396596	3.561612	3.1567566	4.4978747	3.034131	2.732824	1.5736171	1.9358938	4.1310368	3.3728642	1.9579995	2.18104	1.8691139
Promoter_UCSC	4.6745095	5.359809	5.2654595	4.2171764	4.1272497	4.992253	4.318894	3.185481	4.527555	4.442709	5.129029	5.2648926	4.890691	4.9021707	5.8832164	4.3748217	4.2851205	3.718357	3.7605886	2.0042453	4.0340185	3.5130243	3.4152732	3.2369308	2.0373101	2.0011263	4.7587843	4.438759	4.4840946	3.193134	6.661531	4.220334	3.6093044	4.975321	3.391671	4.7044654	5.773101	3.971112	3.5627227	4.9345784	3.2196877	2.9926372	1.7872357	2.185428	4.610575	3.8011773	2.2660186	2.42893	2.155436
Promoter_UCSC.flanking.500	2.633611	2.8446488	2.8369875	2.5210307	2.5524113	2.7928367	2.5525594	2.1322124	2.6453092	2.5978878	2.754146	2.75152	2.7374444	2.6999743	2.9066443	2.5676494	2.577848	2.3590991	2.3916864	1.5901104	2.4599476	2.3287401	2.2773166	2.1988952	1.5865527	1.535572	2.701824	2.5970793	2.6216905	2.1653726	3.0688915	2.50832	2.3119168	2.7625582	2.2356322	2.7080264	2.918638	2.4423864	2.2711892	2.7642884	2.1949124	2.0805244	1.4305813	1.6676697	2.6324413	2.386631	1.6575212	1.8074325	1.6031346
Repressed_Hoffman	0.40289083	0.27746984	0.32471716	0.4108229	0.37039524	0.28726918	0.40508318	0.63279045	0.3257976	0.36589333	0.26647568	0.25468245	0.27657792	0.29697108	0.22221285	0.35453507	0.3451716	0.4789977	0.499484	0.8714701	0.41040412	0.500825	0.5223417	0.5617667	0.9148943	0.9607196	0.35939038	0.41147718	0.419955	0.59112495	0.2024941	0.46260214	0.55387616	0.34167585	0.5588831	0.33750522	0.2681361	0.48044518	0.5704975	0.30758408	0.54744256	0.64160675	0.9914432	0.88408995	0.3708316	0.5190023	0.9129219	0.8029597	0.93261087
Repressed_Hoffman.flanking.500	0.5190372	0.36893323	0.4442463	0.49414647	0.46235594	0.38218296	0.4921169	0.63717	0.4165696	0.44956464	0.3542351	0.3318663	0.3659049	0.38309598	0.29527003	0.44428578	0.4380778	0.54570186	0.5620803	0.73485464	0.4823037	0.55770767	0.5723447	0.59604675	0.7421773	0.7486154	0.4647092	0.5023912	0.52110624	0.60874486	0.33339635	0.5563576	0.60895604	0.45244887	0.5955919	0.43524072	0.39760348	0.55365795	0.6139804	0.4074395	0.5910833	0.6403896	0.76249	0.744203	0.45871332	0.58214235	0.7753017	0.7130608	0.7635807
SuperEnhancer_Hnisz	2.773844	3.0237346	2.9649966	2.680127	2.8134	3.0236256	2.699987	2.1900291	2.8900816	2.7733774	3.0306911	3.024639	3.0237699	2.9331107	3.1206732	2.799558	2.8583	2.4969382	2.5104642	1.5880442	2.6221213	2.470856	2.400331	2.310669	1.5156673	1.4446019	2.867386	2.6915376	2.685798	2.278287	3.3629687	2.5942986	2.4065344	2.947732	2.3369174	2.913326	3.190482	2.5968611	2.3579314	2.9878688	2.3365617	2.1247125	1.3602778	1.5986135	2.7692187	2.4670506	1.5486121	1.7726405	1.5043494
SuperEnhancer_Hnisz.flanking.500	1.7629163	1.7441491	1.7882394	1.6471925	1.6657299	1.7281085	1.6619962	1.5482156	1.6494402	1.6378789	1.7073324	1.6676544	1.6769418	1.6832665	1.76378	1.6578699	1.6687493	1.5520178	1.6380576	1.2672628	1.5366877	1.5819538	1.5333719	1.5089257	1.2422352	1.2351451	1.7396088	1.6745495	1.6803169	1.5667691	1.9607966	1.6856797	1.6421885	1.7940927	1.5729164	1.7294124	1.8927145	1.7164204	1.6348209	1.7333745	1.5189178	1.4566219	1.2157718	1.2908192	1.670493	1.629661	1.339577	1.3585534	1.3001568
TFBS_ENCODE	3.759377	3.8795989	4.0414724	3.3840742	3.3343012	3.7258534	3.4576883	2.781834	3.487656	3.4495938	3.6585345	3.6133115	3.592078	3.554838	3.8733335	3.3767588	3.3510957	3.1434155	3.1782277	1.8856055	3.2285395	3.0125906	2.9576695	2.850203	1.8906863	1.8206793	3.7500577	3.5612226	3.6572487	2.7788785	4.6866436	3.4968424	3.122251	3.859286	2.9199064	3.654545	4.2889977	3.2994337	3.054134	3.7662244	2.835604	2.6834679	1.6259377	2.0580845	3.574771	3.2328353	2.1054037	2.252979	1.9780114
TFBS_ENCODE.flanking.500	1.1729655	1.3573445	1.1771305	1.3572953	1.3849674	1.3711126	1.3397651	1.1920644	1.44128	1.418222	1.47126	1.5519484	1.4736758	1.4759374	1.4759191	1.4366293	1.4291906	1.3866355	1.2521718	1.1267811	1.4872633	1.3240317	1.3513107	1.3334744	1.0793526	1.0041862	1.2495615	1.2928241	1.2390758	1.2379996	1.0351144	1.2141713	1.1815927	1.1999524	1.2709218	1.3103604	1.1066349	1.1934772	1.1820871	1.3250843	1.3460283	1.2845293	0.96346617	1.106031	1.364178	1.2204007	1.0392662	1.163019	1.0329456
TSS_Hoffman	12.150953	13.664701	14.053101	10.147949	10.0988245	12.739441	10.498362	7.449428	11.008948	10.646488	12.636946	12.622816	12.079577	11.831583	14.688265	10.4196005	10.397856	8.5388155	9.143092	3.9765496	9.119929	8.205815	7.7780733	7.285432	4.144506	4.187896	12.277187	10.976351	11.308465	7.4227123	19.206951	10.553306	8.831594	13.194754	7.8791685	12.018011	16.149256	9.999475	8.646584	12.693232	7.2056103	6.616345	3.6042616	4.5657954	11.248421	9.315725	4.8800106	5.1708407	4.550839
TSS_Hoffman.flanking.500	4.368399	5.199681	4.724278	4.3828483	4.6466465	5.179094	4.4003196	3.3735318	4.9402847	4.691715	5.460518	5.6720166	5.388952	5.252559	5.8636446	4.7834907	4.872154	3.9868395	3.9563768	2.2543495	4.414387	3.892766	3.7725601	3.5792139	2.2080853	2.1362784	4.613047	4.3354115	4.2461762	3.5135932	5.1978836	4.073063	3.7335777	4.754855	3.6359842	4.813288	5.0648127	4.0925136	3.669121	4.9645405	3.6112018	3.2455635	1.9548903	2.362843	4.6054144	3.8536139	2.3866541	2.6347408	2.278575
Transcr_Hoffman	1.0638924	1.2073662	1.1057223	1.1478395	1.2095568	1.2276628	1.1376755	1.0122572	1.231645	1.1907506	1.2670376	1.2917655	1.2679985	1.25311	1.2771163	1.2201403	1.2361509	1.1146542	1.0837939	0.94373316	1.1849374	1.1230816	1.1067348	1.0824652	0.89182	0.85643685	1.1276408	1.1064143	1.0725474	1.06696	1.1084391	1.0525444	1.0240319	1.1229893	1.0718213	1.1795636	1.1141483	1.0775725	1.0202675	1.1915746	1.1034703	1.0233383	0.8712467	0.8793825	1.1562389	1.0447495	0.82624424	0.9306157	0.84035516
Transcr_Hoffman.flanking.500	0.64711344	0.5321462	0.5899852	0.6175043	0.59697324	0.54465634	0.6154846	0.77104366	0.5610289	0.58265984	0.5238112	0.50640094	0.53406966	0.53903234	0.48799804	0.5779861	0.5805795	0.65429974	0.68477947	0.90328884	0.59807813	0.6728042	0.6825592	0.7088192	0.9407399	0.9807131	0.60219526	0.6248536	0.6416105	0.7351653	0.5272899	0.67518413	0.7333935	0.5991776	0.71480876	0.5814889	0.56808007	0.68353903	0.7414699	0.5606336	0.69755214	0.7626122	0.98872423	0.931587	0.5885997	0.70592636	0.98025215	0.87108564	0.9753709
UTR_3_UCSC	6.3205137	6.5937114	6.973455	5.457877	5.3132896	6.2360926	5.636614	4.387328	5.6667724	5.5880427	6.0182514	5.8993053	5.893324	5.797178	6.5864863	5.390042	5.3206654	4.916487	5.1151924	2.7571015	5.050022	4.753341	4.606344	4.3984404	2.8550937	2.789362	6.280586	5.9250755	6.186574	4.3361425	8.085576	5.813762	5.043634	6.459089	4.5987115	6.05274	7.210485	5.3332515	4.9120255	6.2957077	4.3446097	4.128643	2.440559	3.1375513	5.887976	5.2633233	3.3165514	3.4555733	3.0873532
UTR_3_UCSC.flanking.500	2.301192	3.1910555	2.742475	2.4171138	2.3790505	2.9220004	2.446444	1.5505141	2.7520285	2.6659632	3.207336	3.4395907	3.02862	3.0732968	3.7531998	2.6653817	2.5715182	2.146646	1.9300133	1.0260667	2.5293803	1.931086	1.9222302	1.7894664	0.96701425	0.88029724	2.5287306	2.4446223	2.353582	1.6413729	3.4735951	2.1314902	1.658507	2.553557	1.7892561	2.6079698	2.8946493	1.9125923	1.6784569	2.7943401	1.8129699	1.5916332	0.7872021	0.9860503	2.701878	1.88353	0.876564	1.1566681	0.8849036
UTR_5_UCSC	7.2191906	10.348775	8.957646	7.2792664	6.845724	9.06971	7.467993	4.3669453	8.232659	8.1014385	9.8511305	10.601465	9.130638	9.34714	12.214003	7.8245473	7.3776603	6.279114	5.6619263	2.3973303	7.435179	5.43552	5.4210587	4.976139	2.3830767	2.1917067	7.9497075	7.6494117	7.4716	4.5043564	11.699712	6.566915	4.8301573	8.079892	5.0482674	8.037847	9.421238	5.6387987	4.869729	8.748108	4.9465303	4.418111	1.790446	2.5377755	8.460029	5.635682	2.2978418	3.0324416	2.2512188
UTR_5_UCSC.flanking.500	3.5849698	4.3095083	4.0844445	3.442302	3.3405755	3.9996848	3.5075774	2.4947934	3.7123609	3.662361	4.1419845	4.270349	3.9685578	3.9920213	4.6995897	3.5902941	3.4763396	3.110329	2.9775326	1.6406206	3.42791	2.8680937	2.8412838	2.6912029	1.6170288	1.5201567	3.7518253	3.5689003	3.558652	2.539947	4.963628	3.301273	2.7724276	3.840883	2.7353506	3.7419586	4.326067	3.0451586	2.7403133	3.9433038	2.6903982	2.470936	1.3456879	1.7100989	3.7576587	2.983294	1.6553833	1.9391962	1.6024961
WeakEnhancer_Hoffman	3.8545966	3.7074926	3.9209769	3.5074818	3.4386714	3.610934	3.5663216	3.0770917	3.5001483	3.4838815	3.5571783	3.4653401	3.5041118	3.4826226	3.5547585	3.442796	3.4130864	3.371992	3.3832085	2.2440276	3.3338263	3.2282078	3.1970077	3.1290574	2.2170365	2.1331463	3.7688186	3.6250677	3.7136674	3.0585713	4.2414527	3.6566277	3.405126	3.8220856	3.1851432	3.6440182	4.10508	3.500239	3.3345144	3.7133913	3.1289694	2.9865246	1.9480958	2.4292936	3.598105	3.4418209	2.509204	2.6014063	2.351599
WeakEnhancer_Hoffman.flanking.500	2.719708	2.6110425	2.7459712	2.5048485	2.6235564	2.688157	2.5216365	2.3710454	2.56499	2.4951355	2.5911367	2.4984267	2.6293821	2.5348663	2.5604053	2.517639	2.6136937	2.3860223	2.5407174	1.8500609	2.3409848	2.4414942	2.3680897	2.3280299	1.8482146	1.8337275	2.690682	2.5392153	2.582612	2.3807929	2.931188	2.5893433	2.563463	2.8002293	2.391774	2.6924632	2.9514813	2.657458	2.5179796	2.6925218	2.3267927	2.2420511	1.7293518	1.9786745	2.502503	2.5380049	2.0678358	2.0704174	1.9628947
non_synonymous	17.444565	21.874596	21.538576	15.538965	13.106602	18.27378	16.37889	10.052897	15.763106	16.34216	18.267982	18.608126	16.62845	17.525654	23.431099	14.961033	13.579398	13.370603	12.657822	5.3047094	14.392939	11.375536	11.418093	10.632054	5.7295685	5.3158946	18.051838	17.892633	18.394844	9.6940775	27.972258	16.070345	11.252466	18.268045	11.179565	16.93264	21.611698	12.547333	11.3974905	18.42124	10.249834	10.045197	4.0851665	6.346814	18.465986	13.324358	6.0062613	7.3307457	5.762866
synonymous	3.489593	5.3265853	3.9817932	4.6088	4.0129766	4.587647	4.682163	2.854244	4.9058213	5.0785074	5.172069	5.754996	4.823107	5.2238107	5.74039	4.776821	4.1427817	4.7409563	3.5096564	2.1687899	5.6084757	3.795291	4.094334	3.8559356	1.9795487	1.5936259	4.1378617	4.571676	4.191649	3.0495272	3.4908497	3.643885	2.8779411	3.6871262	3.465768	4.193674	3.3627415	3.051915	2.894866	4.5408826	3.8741307	3.5060482	1.3851244	2.0457118	5.2017493	3.364984	1.4064533	2.4677863	1.5505368
